Player,Position,Comp 1,Comp 2,Comp 3,Comp 4,Comp 5,Comp 6
Nikola Jokić,C,Joel Embiid,,,,,
Luka Dončić,PG,,,,,,
Shai Gilgeous-Alexander,PG,Luka Dončić,Cade Cunningham,,,,
Victor Wembanyama,C,Domantas Sabonis,,,,,
Cade Cunningham,PG,Luka Dončić,Tyrese Haliburton,Devin Booker,Ja Morant,,
Tyrese Maxey,PG,Luka Dončić,Cade Cunningham,Devin Booker,Tyrese Haliburton,Ja Morant,Darius Garland
Jalen Johnson,SF,Franz Wagner,,,,,
Donovan Mitchell,SG,Anthony Edwards,,,,,
Jaylen Brown,SF,Franz Wagner,,,,,
Kawhi Leonard,PF,Anthony Davis,Jayson Tatum,Evan Mobley,,,
Kevin Durant,PF,Anthony Davis,Jayson Tatum,Evan Mobley,,,
Jamal Murray,PG,Devin Booker,Tyrese Haliburton,Jalen Brunson,Ja Morant,Luka Dončić,Darius Garland
James Harden,PG,Jalen Brunson,Fred VanVleet,Devin Booker,Jamal Murray,Dejounte Murray,Tyrese Haliburton
Scottie Barnes,PF,Evan Mobley,Anthony Davis,,,,
Jalen Brunson,PG,Fred VanVleet,Dejounte Murray,Jamal Murray,Tyrese Maxey,Devin Booker,Darius Garland
Deni Avdija,SF,Franz Wagner,Jaylen Brown,,,,
Devin Booker,PG,Jamal Murray,Jalen Brunson,Fred VanVleet,Darius Garland,Dejounte Murray,Tyrese Haliburton
Anthony Edwards,SG,Donovan Mitchell,,,,,
LeBron James,PF,Anthony Davis,Evan Mobley,Jaren Jackson Jr.,Scottie Barnes,,
Amen Thompson,PG,Darius Garland,Ja Morant,Tyrese Maxey,Tyrese Haliburton,Tyler Herro,Jamal Murray
Bam Adebayo,C,Karl-Anthony Towns,Ivica Zubac,Alperen Sengun,,,
Alperen Sengun,C,Ivica Zubac,Karl-Anthony Towns,,,,
Paolo Banchero,SF,Franz Wagner,Jaylen Brown,Lauri Markkanen,,,
Austin Reaves,SG,Donovan Mitchell,Anthony Edwards,,,,
Chet Holmgren,PF,Scottie Barnes,Evan Mobley,Jaren Jackson Jr.,Zion Williamson,Anthony Davis,
Karl-Anthony Towns,C,Ivica Zubac,Myles Turner,Brook Lopez,Alperen Sengun,,
Giannis Antetokounmpo,PF,Anthony Davis,Jaren Jackson Jr.,Scottie Barnes,Evan Mobley,Zion Williamson,
Derrick White,PG,Fred VanVleet,Jamal Murray,Dejounte Murray,Jalen Brunson,D'Angelo Russell,Tyler Herro
Jalen Duren,C,Alperen Sengun,Karl-Anthony Towns,Myles Turner,Brook Lopez,Ivica Zubac,
Desmond Bane,SG,Donovan Mitchell,Jalen Green,,,,
Evan Mobley,PF,Jaren Jackson Jr.,Scottie Barnes,Zion Williamson,Miles Bridges,Tobias Harris,
Cooper Flagg,SF,Franz Wagner,Jaylen Brown,Lauri Markkanen,Jalen Johnson,Kyle Kuzma,
De'Aaron Fox,PG,Jamal Murray,D'Angelo Russell,Tyler Herro,Derrick White,Dejounte Murray,Fred VanVleet
Stephon Castle,PG,Tyler Herro,D'Angelo Russell,Jamal Murray,Dejounte Murray,Derrick White,Fred VanVleet
Trey Murphy III,SF,Jalen Johnson,Lauri Markkanen,Jaylen Brown,Kyle Kuzma,,
Lauri Markkanen,SF,Jaylen Brown,Kyle Kuzma,Jalen Johnson,,,
Pascal Siakam,PF,Tobias Harris,Jaren Jackson Jr.,Miles Bridges,Zion Williamson,Scottie Barnes,
Nickeil Alexander-Walker,PG,D'Angelo Russell,Derrick White,Jamal Murray,Dejounte Murray,Tyler Herro,Jordan Poole
Julius Randle,PF,Tobias Harris,Jaren Jackson Jr.,Miles Bridges,Zion Williamson,Scottie Barnes,
Stephen Curry,PG,Derrick White,Jamal Murray,D'Angelo Russell,Dejounte Murray,Tyler Herro,Jordan Poole
LaMelo Ball,PG,Tyler Herro,D'Angelo Russell,Jamal Murray,Jordan Poole,Derrick White,Dejounte Murray
Keyonte George,PG,Tyler Herro,LaMelo Ball,D'Angelo Russell,Jordan Poole,Derrick White,Jamal Murray
Joel Embiid,C,Brook Lopez,Karl-Anthony Towns,Myles Turner,Jakob Poeltl,Nic Claxton,Alperen Sengun
Josh Giddey,PG,Tyler Herro,D'Angelo Russell,LaMelo Ball,Jamal Murray,Jordan Poole,Immanuel Quickley
Dyson Daniels,PG,Tyler Herro,D'Angelo Russell,LaMelo Ball,Jamal Murray,Jordan Poole,Immanuel Quickley
Brandon Ingram,SF,Lauri Markkanen,Jaylen Brown,Kyle Kuzma,Jalen Johnson,,
Kon Knueppel,SG,Jalen Green,Devin Vassell,Desmond Bane,Grayson Allen,,
Immanuel Quickley,PG,Jordan Poole,Derrick White,D'Angelo Russell,Tyler Herro,Jamal Murray,LaMelo Ball
OG Anunoby,SF,Kyle Kuzma,Lauri Markkanen,Jalen Johnson,Jaylen Brown,,
Onyeka Okongwu,C,Myles Turner,Jakob Poeltl,Karl-Anthony Towns,Nic Claxton,Brook Lopez,Mason Plumlee
Ryan Rollins,PG,Jordan Poole,Immanuel Quickley,Tyler Herro,LaMelo Ball,Derrick White,D'Angelo Russell
Jimmy Butler III,SF,Kyle Kuzma,Lauri Markkanen,Jaylen Brown,Jalen Johnson,,
Rudy Gobert,C,Mason Plumlee,Brook Lopez,Myles Turner,Jakob Poeltl,Karl-Anthony Towns,Nic Claxton
Payton Pritchard,PG,Derrick White,Immanuel Quickley,Jordan Poole,D'Angelo Russell,Tyler Herro,LaMelo Ball
Kevin Porter Jr.,PG,Immanuel Quickley,Jordan Poole,Derrick White,D'Angelo Russell,LaMelo Ball,Tyler Herro
Michael Porter Jr.,SF,Lauri Markkanen,Kyle Kuzma,Jalen Johnson,,,
Donovan Clingan,C,Jakob Poeltl,Myles Turner,Karl-Anthony Towns,Nic Claxton,Brook Lopez,Mason Plumlee
Zion Williamson,PF,Miles Bridges,Jaren Jackson Jr.,Tobias Harris,Jerami Grant,,
Brandon Miller,SG,Devin Vassell,Jalen Green,Grayson Allen,Desmond Bane,Bradley Beal,Klay Thompson
Mikal Bridges,SG,Grayson Allen,Devin Vassell,Jalen Green,Bradley Beal,Desmond Bane,Klay Thompson
Andrew Nembhard,PG,Immanuel Quickley,Jordan Poole,Jordan Clarkson,LaMelo Ball,Malik Monk,D'Angelo Russell
Jrue Holiday,PG,Mike Conley,Jordan Clarkson,D'Angelo Russell,Immanuel Quickley,Jordan Poole,Malik Monk
Norman Powell,SG,Bradley Beal,Klay Thompson,Grayson Allen,Desmond Bane,Devin Vassell,Jalen Green
VJ Edgecombe,SG,Devin Vassell,Jalen Green,Grayson Allen,Desmond Bane,Bradley Beal,Klay Thompson
DeMar DeRozan,SF,Josh Hart,Kyle Kuzma,Jalen Johnson,,,
Miles Bridges,PF,Tobias Harris,Jerami Grant,Zion Williamson,,,
Jarrett Allen,C,Myles Turner,Jakob Poeltl,Mason Plumlee,Nic Claxton,Isaiah Hartenstein,Jonas Valančiūnas
Collin Gillespie,PG,Immanuel Quickley,Jordan Poole,Jordan Clarkson,Malik Monk,LaMelo Ball,D'Angelo Russell
Josh Hart,SF,Kyle Kuzma,Jalen Johnson,,,,
RJ Barrett,SG,Devin Vassell,Jalen Green,Grayson Allen,Bradley Beal,Desmond Bane,Klay Thompson
Neemias Queta,C,Isaiah Hartenstein,Nic Claxton,Myles Turner,Jakob Poeltl,Mason Plumlee,Jonas Valančiūnas
Jabari Smith Jr.,SF,Jalen Johnson,Andrew Wiggins,Kyle Kuzma,OG Anunoby,Josh Hart,
Tre Jones,PG,Immanuel Quickley,Jordan Poole,Jordan Clarkson,Malik Monk,LaMelo Ball,Jalen Suggs
Brandin Podziemski,PG,LaMelo Ball,Jordan Poole,Immanuel Quickley,Jalen Suggs,Malik Monk,Mike Conley
Andrew Wiggins,SF,Josh Hart,Kyle Kuzma,OG Anunoby,Jalen Johnson,,
Jaren Jackson Jr.,PF,Miles Bridges,Tobias Harris,Jerami Grant,,,
Jalen Suggs,PG,Malik Monk,LaMelo Ball,Immanuel Quickley,Jordan Poole,Mike Conley,Jordan Clarkson
CJ McCollum,SG,Klay Thompson,Bradley Beal,Grayson Allen,Desmond Bane,Devin Vassell,Jalen Green
Franz Wagner,SF,Andrew Wiggins,OG Anunoby,Kyle Kuzma,Josh Hart,,
Nikola Vučević,C,Brook Lopez,Mason Plumlee,Al Horford,Jonas Valančiūnas,Myles Turner,Isaiah Hartenstein
Darius Garland,PG,Malik Monk,Jalen Suggs,LaMelo Ball,Immanuel Quickley,Jordan Poole,Mike Conley
Jayson Tatum,PF,Miles Bridges,Tobias Harris,Jerami Grant,,,
Russell Westbrook,PG,Mike Conley,Chris Paul,Jordan Clarkson,Malik Monk,Immanuel Quickley,Jalen Suggs
Jaden McDaniels,SF,OG Anunoby,Josh Hart,Kyle Kuzma,Andrew Wiggins,Cameron Johnson,
Matas Buzelis,PF,Tobias Harris,Jerami Grant,,,,
Jaime Jaquez Jr.,SF,OG Anunoby,Kelly Oubre Jr.,Andrew Wiggins,Josh Hart,Cameron Johnson,
Ausar Thompson,SF,Andrew Wiggins,Cameron Johnson,OG Anunoby,Kelly Oubre Jr.,Josh Hart,
Toumani Camara,PF,Jerami Grant,Tobias Harris,,,,
Wendell Carter Jr.,C,Deandre Ayton,Myles Turner,Jonas Valančiūnas,Isaiah Hartenstein,Mason Plumlee,Al Horford
Anthony Davis,PF,Jerami Grant,,,,,
Ajay Mitchell,PG,Bruce Brown,Jordan Clarkson,Jordan Poole,Immanuel Quickley,Jalen Suggs,Malik Monk
Tyler Herro,PG,Malik Monk,Jalen Suggs,Donte DiVincenzo,LaMelo Ball,Dennis Schröder,Immanuel Quickley
Donte DiVincenzo,PG,Dennis Schröder,Malik Monk,Jordan Clarkson,Jalen Suggs,Ty Jerome,Immanuel Quickley
Deandre Ayton,C,Myles Turner,Jonas Valančiūnas,Isaiah Hartenstein,Al Horford,Mason Plumlee,Brook Lopez
Paul George,SF,Josh Hart,Andrew Wiggins,Kelly Oubre Jr.,Cameron Johnson,OG Anunoby,Dillon Brooks
Saddiq Bey,SF,Kelly Oubre Jr.,Andrew Wiggins,OG Anunoby,Josh Hart,Cameron Johnson,Dillon Brooks
Naz Reid,C,Isaiah Hartenstein,Deandre Ayton,Jonas Valančiūnas,Myles Turner,Mason Plumlee,Al Horford
Jalen Williams,SG,Bradley Beal,Kentavious Caldwell-Pope,Grayson Allen,Klay Thompson,Buddy Hield,
Dillon Brooks,SF,Josh Hart,Andrew Wiggins,OG Anunoby,Kelly Oubre Jr.,Cameron Johnson,
Alex Sarr,C,Deandre Ayton,Jonas Valančiūnas,Myles Turner,Isaiah Hartenstein,Al Horford,Mason Plumlee
Isaiah Hartenstein,C,Luke Kornet,Deandre Ayton,Jonas Valančiūnas,Myles Turner,Mason Plumlee,Al Horford
Anthony Black,PG,Jalen Suggs,Malik Monk,LaMelo Ball,Donte DiVincenzo,Jordan Poole,Immanuel Quickley
Naji Marshall,SF,Josh Hart,Dillon Brooks,OG Anunoby,Andrew Wiggins,Kelly Oubre Jr.,Cameron Johnson
Jerami Grant,PF,,,,,,
Davion Mitchell,PG,Malik Monk,Jalen Suggs,Donte DiVincenzo,D'Angelo Russell,Dennis Schröder,Ty Jerome
Julian Champagnie,SF,OG Anunoby,Dillon Brooks,Josh Hart,Kelly Oubre Jr.,Andrew Wiggins,Cameron Johnson
Ivica Zubac,C,Luke Kornet,Isaiah Hartenstein,Jonas Valančiūnas,Myles Turner,Deandre Ayton,Mason Plumlee
Ayo Dosunmu,PG,Bruce Brown,Jordan Clarkson,Ty Jerome,Donte DiVincenzo,Immanuel Quickley,Malik Monk
Bennedict Mathurin,SF,Andrew Wiggins,Cameron Johnson,OG Anunoby,Kelly Oubre Jr.,Josh Hart,Dillon Brooks
Mark Williams,C,Deandre Ayton,Isaiah Hartenstein,Jonas Valančiūnas,Myles Turner,Mason Plumlee,Al Horford
Ja Morant,PG,Malik Monk,Jalen Suggs,Davion Mitchell,Donte DiVincenzo,D'Angelo Russell,Dennis Schröder
Jusuf Nurkić,C,Jonas Valančiūnas,Luke Kornet,Mason Plumlee,Myles Turner,Deandre Ayton,Al Horford
Moussa Diabaté,C,Isaiah Hartenstein,Deandre Ayton,Luke Kornet,Jonas Valančiūnas,Mason Plumlee,Al Horford
John Collins,PF,Guerschon Yabusele,Obi Toppin,,,,
Shaedon Sharpe,SG,Kentavious Caldwell-Pope,Buddy Hield,Malik Beasley,Bradley Beal,Klay Thompson,
Nic Claxton,C,Isaiah Hartenstein,Moritz Wagner,Luke Kornet,Deandre Ayton,Zach Collins,Jonas Valančiūnas
Tobias Harris,PF,Guerschon Yabusele,Obi Toppin,,,,
Trae Young,PG,Malik Monk,Davion Mitchell,Jalen Suggs,Donte DiVincenzo,D'Angelo Russell,Dennis Schröder
Cam Spencer,PG,Bruce Brown,Ty Jerome,Donte DiVincenzo,Payton Pritchard,Tyus Jones,Jordan Clarkson
Kyshawn George,SF,OG Anunoby,Josh Hart,Dillon Brooks,Kelly Oubre Jr.,Cameron Johnson,Andrew Wiggins
Cason Wallace,SG,Kentavious Caldwell-Pope,Buddy Hield,Malik Beasley,Bradley Beal,Klay Thompson,
Pelle Larsson,SG,Malik Beasley,Kentavious Caldwell-Pope,Buddy Hield,Bradley Beal,Klay Thompson,
Ryan Kalkbrenner,C,Isaiah Hartenstein,Moritz Wagner,Luke Kornet,Deandre Ayton,Zach Collins,Jonas Valančiūnas
Myles Turner,C,Jonas Valančiūnas,Deandre Ayton,Luke Kornet,Zach Collins,Al Horford,Isaiah Hartenstein
Draymond Green,PF,Guerschon Yabusele,Obi Toppin,Brandon Clarke,,,
Kris Dunn,PG,Jordan Clarkson,Dennis Schröder,D'Angelo Russell,Ty Jerome,Bruce Brown,Donte DiVincenzo
Ty Jerome,PG,Dennis Schröder,Tyus Jones,Bruce Brown,Donte DiVincenzo,Payton Pritchard,Jordan Clarkson
Jakob Poeltl,C,Jonas Valančiūnas,Deandre Ayton,Luke Kornet,Zach Collins,Al Horford,Isaiah Hartenstein
P.J. Washington,PF,Obi Toppin,Brandon Clarke,Guerschon Yabusele,,,
Derik Queen,C,Deandre Ayton,Zach Collins,Jonas Valančiūnas,Moritz Wagner,Isaiah Hartenstein,Al Horford
Isaiah Collier,PG,Ty Jerome,Bruce Brown,Donte DiVincenzo,Payton Pritchard,Tyus Jones,Dennis Schröder
Grayson Allen,SG,Kentavious Caldwell-Pope,Buddy Hield,Malik Beasley,Bradley Beal,Alex Caruso,Klay Thompson
Sandro Mamukelashvili,C,Isaiah Hartenstein,Moritz Wagner,Luke Kornet,Deandre Ayton,Zach Collins,Jonas Valančiūnas
Kel'el Ware,C,Deandre Ayton,Zach Collins,Moritz Wagner,Isaiah Hartenstein,Jonas Valančiūnas,Luke Kornet
Zach LaVine,SG,Kentavious Caldwell-Pope,Buddy Hield,Alex Caruso,Bradley Beal,Klay Thompson,Malik Beasley
Dylan Harper,PG,Jalen Suggs,Davion Mitchell,Donte DiVincenzo,Malik Monk,D'Angelo Russell,Dennis Schröder
Domantas Sabonis,C,Jonas Valančiūnas,Deandre Ayton,Luke Kornet,Zach Collins,Moritz Wagner,Al Horford
Peyton Watson,SF,OG Anunoby,Dillon Brooks,Kelly Oubre Jr.,Josh Hart,Cameron Johnson,Andrew Wiggins
Duncan Robinson,SG,Kentavious Caldwell-Pope,Buddy Hield,Bradley Beal,Alex Caruso,Klay Thompson,Malik Beasley
Reed Sheppard,PG,Jalen Suggs,Davion Mitchell,Donte DiVincenzo,Malik Monk,D'Angelo Russell,Dennis Schröder
Aaron Gordon,PF,Guerschon Yabusele,Obi Toppin,Jonathan Isaac,Brandon Clarke,,
Jaylon Tyson,SG,Malik Beasley,Kentavious Caldwell-Pope,Buddy Hield,Terance Mann,Bradley Beal,Klay Thompson
Daniel Gafford,C,Moritz Wagner,Luke Kornet,Deandre Ayton,Zach Collins,Andre Drummond,Jonas Valančiūnas
Kristaps Porziņģis,PF,Guerschon Yabusele,Obi Toppin,Jonathan Isaac,Brandon Clarke,,
Devin Vassell,SG,Buddy Hield,Kentavious Caldwell-Pope,Malik Beasley,Bradley Beal,Terance Mann,Klay Thompson
Quentin Grimes,SG,Malik Beasley,Terance Mann,Buddy Hield,Kentavious Caldwell-Pope,Alex Caruso,Bradley Beal
Brandon Williams,PG,Bruce Brown,De'Anthony Melton,Ty Jerome,Payton Pritchard,Tyus Jones,Donte DiVincenzo
Coby White,PG,Davion Mitchell,Donte DiVincenzo,D'Angelo Russell,Malik Monk,Nickeil Alexander-Walker,Jalen Suggs
Kyle Filipowski,PF,Brandon Clarke,Obi Toppin,Guerschon Yabusele,Jonathan Isaac,,
Cameron Johnson,SF,Kelly Oubre Jr.,Andrew Wiggins,Josh Hart,Dillon Brooks,Simone Fontecchio,OG Anunoby
Cedric Coward,SG,Buddy Hield,Malik Beasley,Luke Kennard,Kentavious Caldwell-Pope,Terance Mann,Alex Caruso
Dejounte Murray,PG,Ty Jerome,Dennis Schröder,Tyus Jones,D'Angelo Russell,Payton Pritchard,Jordan Clarkson
Robert Williams III,C,Moritz Wagner,Luke Kornet,Deandre Ayton,Zach Collins,Andre Drummond,Jonas Valančiūnas
Santi Aldama,PF,Brandon Clarke,Obi Toppin,Guerschon Yabusele,Jonathan Isaac,,
Christian Braun,SG,Malik Beasley,Buddy Hield,Terance Mann,Luke Kennard,Kentavious Caldwell-Pope,Alex Caruso
Collin Sexton,PG,Davion Mitchell,D'Angelo Russell,Donte DiVincenzo,Ty Jerome,Dennis Schröder,Nickeil Alexander-Walker
Keldon Johnson,SG,Malik Beasley,Terance Mann,Buddy Hield,Luke Kennard,Kentavious Caldwell-Pope,Alex Caruso
Royce O'Neale,SF,Kelly Oubre Jr.,Josh Hart,Dillon Brooks,Simone Fontecchio,Andrew Wiggins,Cameron Johnson
Sam Merrill,SG,Buddy Hield,Alex Caruso,Kentavious Caldwell-Pope,Malik Beasley,Terance Mann,Luke Kennard
Max Christie,SG,Terance Mann,Malik Beasley,Alex Caruso,Buddy Hield,Luke Kennard,Kentavious Caldwell-Pope
Moses Moody,SG,Malik Beasley,Buddy Hield,Luke Kennard,Kentavious Caldwell-Pope,Terance Mann,Alex Caruso
Maxime Raynaud,C,Moritz Wagner,Luke Kornet,Zach Collins,Deandre Ayton,Clint Capela,Andre Drummond
Oso Ighodaro,C,Moritz Wagner,Luke Kornet,Zach Collins,Deandre Ayton,Clint Capela,Andre Drummond
Luke Kornet,C,Andre Drummond,Moritz Wagner,Clint Capela,Zach Collins,Jonas Valančiūnas,Deandre Ayton
Jeremiah Fears,PG,Davion Mitchell,D'Angelo Russell,Nickeil Alexander-Walker,Donte DiVincenzo,Payton Pritchard,Tyus Jones
Day'Ron Sharpe,C,Moritz Wagner,Zach Collins,Deandre Ayton,Luke Kornet,Clint Capela,Andre Drummond
Marcus Smart,SG,Buddy Hield,Alex Caruso,Kentavious Caldwell-Pope,Malik Beasley,Luke Kennard,Terance Mann
Isaiah Joe,SG,Terance Mann,Malik Beasley,Alex Caruso,Luke Kennard,Buddy Hield,Kentavious Caldwell-Pope
Jaylin Williams,C,Moritz Wagner,Luke Kornet,Zach Collins,Clint Capela,Deandre Ayton,Andre Drummond
Mitchell Robinson,C,Moritz Wagner,Luke Kornet,Clint Capela,Zach Collins,Andre Drummond,Deandre Ayton
Kyle Kuzma,SF,Simone Fontecchio,Kelly Oubre Jr.,Max Strus,Dillon Brooks,Sam Hauser,Cameron Johnson
Precious Achiuwa,PF,Brandon Clarke,Obi Toppin,Guerschon Yabusele,Jonathan Isaac,Dario Saric,Kenrich Williams
Collin Murray-Boyles,PF,Obi Toppin,Jonathan Isaac,Brandon Clarke,Guerschon Yabusele,Dario Saric,Kenrich Williams
Walker Kessler,C,Zach Collins,Moritz Wagner,Deandre Ayton,Andre Drummond,Clint Capela,Luke Kornet
Anfernee Simons,PG,Payton Pritchard,Tyus Jones,Nickeil Alexander-Walker,De'Anthony Melton,Ty Jerome,Jevon Carter
Tim Hardaway Jr.,SG,Alex Caruso,Buddy Hield,Kentavious Caldwell-Pope,Luke Kennard,Malik Beasley,John Konchar
AJ Green,SF,Max Strus,Simone Fontecchio,Sam Hauser,Derrick Jones Jr.,Haywood Highsmith,Dillon Brooks
Jalen Smith,C,Zach Collins,Deandre Ayton,Andre Drummond,Moritz Wagner,Clint Capela,Al Horford
Jaylen Wells,SG,Terance Mann,Malik Beasley,Alex Caruso,John Konchar,Luke Kennard,Buddy Hield
Gui Santos,PF,Brandon Clarke,Kenrich Williams,Jonathan Isaac,Guerschon Yabusele,Obi Toppin,Trey Lyles
Kelly Oubre Jr.,SF,Simone Fontecchio,Max Strus,Dillon Brooks,Sam Hauser,Cameron Johnson,Derrick Jones Jr.
Goga Bitadze,C,Zach Collins,Moritz Wagner,Andre Drummond,Deandre Ayton,Clint Capela,Luke Kornet
Harrison Barnes,PF,Nicolas Batum,Guerschon Yabusele,Dario Saric,Kenrich Williams,Brandon Clarke,Jonathan Isaac
Jaxson Hayes,C,Zach Collins,Andre Drummond,Deandre Ayton,Moritz Wagner,Clint Capela,Al Horford
Paul Reed,C,Moritz Wagner,Luke Kornet,Zach Collins,Drew Eubanks,Clint Capela,Andre Drummond
Derrick Jones Jr.,SF,Simone Fontecchio,Max Strus,Sam Hauser,Haywood Highsmith,Dillon Brooks,Naji Marshall
Bilal Coulibaly,SG,Luke Kennard,Malik Beasley,Buddy Hield,Terance Mann,Kentavious Caldwell-Pope,Gary Harris
De'Anthony Melton,PG,Jevon Carter,Tyus Jones,Payton Pritchard,Gabe Vincent,Bruce Brown,Ty Jerome
Jay Huff,C,Luke Kornet,Moritz Wagner,Drew Eubanks,Clint Capela,Zach Collins,Andre Drummond
Jalen Green,SG,Luke Kennard,Malik Beasley,Buddy Hield,Terance Mann,Gary Harris,Alex Caruso
GG Jackson,SF,Max Strus,Dillon Brooks,Simone Fontecchio,Sam Hauser,Derrick Jones Jr.,Naji Marshall
T.J. McConnell,PG,Reggie Jackson,Jordan Clarkson,Kris Dunn,D'Angelo Russell,Dennis Schröder,Chris Paul
Dennis Schröder,PG,Jordan Clarkson,Reggie Jackson,Kris Dunn,D'Angelo Russell,Jevon Carter,Tyus Jones
Marvin Bagley III,PF,Jonathan Isaac,Obi Toppin,Brandon Clarke,Trey Lyles,Guerschon Yabusele,Dario Saric
Keegan Murray,SF,Cameron Johnson,Corey Kispert,Kelly Oubre Jr.,Max Strus,Dillon Brooks,Simone Fontecchio
Isaiah Stewart,C,Moritz Wagner,Zach Collins,Andre Drummond,Clint Capela,Drew Eubanks,Luke Kornet
Bobby Portis,PF,Guerschon Yabusele,Dario Saric,Kenrich Williams,Jonathan Isaac,Brandon Clarke,Obi Toppin
Tristan da Silva,SF,Corey Kispert,Kelly Oubre Jr.,Cameron Johnson,Max Strus,Simone Fontecchio,Dillon Brooks
Egor Dëmin,PG,Davion Mitchell,Nickeil Alexander-Walker,Lonzo Ball,D'Angelo Russell,Kris Dunn,Payton Pritchard
Brice Sensabaugh,SG,Terance Mann,Malik Beasley,Luke Kennard,Gary Harris,Alex Caruso,Sam Merrill
Jock Landale,C,Andre Drummond,Luke Kornet,Clint Capela,Moritz Wagner,Drew Eubanks,Zach Collins
Sam Hauser,SF,Simone Fontecchio,Max Strus,Derrick Jones Jr.,Haywood Highsmith,Naji Marshall,Dillon Brooks
Jordan Goodwin,SG,Terance Mann,Alex Caruso,John Konchar,Sam Merrill,Malik Beasley,Luke Kennard
Miles McBride,PG,De'Anthony Melton,Jevon Carter,Payton Pritchard,Bruce Brown,Gabe Vincent,Tyus Jones
Micah Potter,PF,Kenrich Williams,Guerschon Yabusele,Brandon Clarke,Jonathan Isaac,Obi Toppin,Dario Saric
Aaron Nesmith,SG,Luke Kennard,Malik Beasley,Terance Mann,Buddy Hield,Gary Harris,Marcus Smart
Javonte Green,SG,Alex Caruso,Buddy Hield,Marcus Smart,Luke Kennard,Gary Harris,Sam Merrill
Ace Bailey,SG,Luke Kennard,Malik Beasley,Terance Mann,Buddy Hield,Gary Harris,Marcus Smart
Tari Eason,SF,Corey Kispert,Sam Hauser,Max Strus,Simone Fontecchio,Derrick Jones Jr.,Dillon Brooks
Al Horford,C,Clint Capela,Andre Drummond,Moritz Wagner,Luke Kornet,Drew Eubanks,Zach Collins
Jonathan Kuminga,SF,Corey Kispert,Sam Hauser,Max Strus,Simone Fontecchio,Derrick Jones Jr.,Dillon Brooks
Daniss Jenkins,PG,Gabe Vincent,De'Anthony Melton,Jevon Carter,Payton Pritchard,Tyus Jones,Nickeil Alexander-Walker
Jarace Walker,SF,Corey Kispert,Sam Hauser,Max Strus,Derrick Jones Jr.,Simone Fontecchio,Dillon Brooks
Kevin Huerter,SG,Malik Beasley,Luke Kennard,Gary Harris,Terance Mann,Buddy Hield,Marcus Smart
Herbert Jones,SF,Sam Hauser,Max Strus,Derrick Jones Jr.,Simone Fontecchio,Dillon Brooks,Haywood Highsmith
De'Andre Hunter,SF,Corey Kispert,Simone Fontecchio,Sam Hauser,Max Strus,Derrick Jones Jr.,Haywood Highsmith
Scoot Henderson,PG,Lonzo Ball,Davion Mitchell,Nickeil Alexander-Walker,Kris Dunn,D'Angelo Russell,Payton Pritchard
Brook Lopez,C,Al Horford,Clint Capela,Andre Drummond,Moritz Wagner,Luke Kornet,Drew Eubanks
Dominick Barlow,PF,Kenrich Williams,Brandon Clarke,Jonathan Isaac,Guerschon Yabusele,Obi Toppin,Trey Lyles
Zach Edey,C,Zach Collins,Andre Drummond,Moritz Wagner,Clint Capela,Drew Eubanks,Jock Landale
Dylan Cardwell,C,Drew Eubanks,Jock Landale,Moritz Wagner,Luke Kornet,Clint Capela,Zach Collins
Noah Clowney,PF,Brandon Clarke,Jonathan Isaac,Guerschon Yabusele,Obi Toppin,Trey Lyles,Dario Saric
Jamal Shead,PG,Jevon Carter,De'Anthony Melton,Gabe Vincent,Payton Pritchard,Tyus Jones,Nickeil Alexander-Walker
Jordan Miller,SG,Terance Mann,Sam Merrill,John Konchar,Pat Connaughton,Alex Caruso,Malik Beasley
Ziaire Williams,SF,Corey Kispert,Sam Hauser,Derrick Jones Jr.,Naji Marshall,Max Strus,Haywood Highsmith
Rui Hachimura,SF,Corey Kispert,Sam Hauser,Simone Fontecchio,Derrick Jones Jr.,Haywood Highsmith,Max Strus
Ronald Holland II,SF,Corey Kispert,Matisse Thybulle,Derrick Jones Jr.,Sam Hauser,Naji Marshall,Haywood Highsmith
Gary Payton II,SG,Alex Caruso,Marcus Smart,Pat Connaughton,Gary Harris,Sam Merrill,Luke Kennard
Zaccharie Risacher,SF,Corey Kispert,Matisse Thybulle,Derrick Jones Jr.,Sam Hauser,Naji Marshall,Haywood Highsmith
Luke Kennard,SG,Gary Harris,Marcus Smart,Sam Merrill,Malik Beasley,Terance Mann,John Konchar
Obi Toppin,PF,Jonathan Isaac,Dario Saric,Trey Lyles,Guerschon Yabusele,Brandon Clarke,Kenrich Williams
Nique Clifford,SG,Terance Mann,Gary Harris,Malik Beasley,Sam Merrill,Luke Kennard,John Konchar
Malik Monk,PG,Lonzo Ball,Kris Dunn,Davion Mitchell,Nickeil Alexander-Walker,Jevon Carter,Aaron Holiday
Aaron Wiggins,SF,Derrick Jones Jr.,Haywood Highsmith,Sam Hauser,Naji Marshall,Max Strus,Simone Fontecchio
Jericho Sims,C,Drew Eubanks,Jock Landale,Moritz Wagner,Clint Capela,Zach Collins,Andre Drummond
Danny Wolf,PF,Brandon Clarke,Jonathan Isaac,Trey Lyles,Kenrich Williams,Dario Saric,Guerschon Yabusele
Luka Garza,C,Drew Eubanks,Jock Landale,Moritz Wagner,Clint Capela,Zach Collins,Andre Drummond
Bub Carrington,PG,Lonzo Ball,Kris Dunn,Nickeil Alexander-Walker,Aaron Holiday,Payton Pritchard,Jevon Carter
Alex Caruso,SG,Marcus Smart,Pat Connaughton,Gary Harris,Sam Merrill,John Konchar,Luke Kennard
Vít Krejčí,PG,Jevon Carter,De'Anthony Melton,Gabe Vincent,Aaron Holiday,Payton Pritchard,Tyus Jones
Jake LaRavia,SF,Corey Kispert,Matisse Thybulle,Naji Marshall,Derrick Jones Jr.,Haywood Highsmith,Sam Hauser
Olivier-Maxence Prosper,PF,Brandon Clarke,Jonathan Isaac,Trey Lyles,Kenrich Williams,Dario Saric,Nicolas Batum
Bones Hyland,PG,Aaron Holiday,Jevon Carter,De'Anthony Melton,Lonzo Ball,Nickeil Alexander-Walker,Gabe Vincent
Isaiah Jackson,PF,Brandon Clarke,Jonathan Isaac,Trey Lyles,Dario Saric,Guerschon Yabusele,Obi Toppin
Bruce Brown,PG,Jevon Carter,Gabe Vincent,Kris Dunn,Aaron Holiday,De'Anthony Melton,Lonzo Ball
Josh Minott,PF,Kenrich Williams,Georges Niang,Brandon Clarke,Jonathan Isaac,Trey Lyles,Dario Saric
Ja'Kobe Walter,SG,Gary Harris,Malik Beasley,Luke Kennard,Terance Mann,Marcus Smart,Sam Merrill
Keon Ellis,SG,John Konchar,Terance Mann,Sam Merrill,Alex Caruso,Pat Connaughton,Gary Harris
Landry Shamet,SG,Gary Harris,Sam Merrill,Terance Mann,John Konchar,Pat Connaughton,Luke Kennard
Dean Wade,SF,Haywood Highsmith,Derrick Jones Jr.,Naji Marshall,Sam Hauser,Simone Fontecchio,Max Strus
Khris Middleton,SF,Joe Ingles,Haywood Highsmith,Derrick Jones Jr.,Simone Fontecchio,Sam Hauser,Naji Marshall
Will Richard,SG,Terance Mann,Sam Merrill,John Konchar,Pat Connaughton,Gary Harris,Alex Caruso
Dru Smith,PG,Gabe Vincent,Jevon Carter,Aaron Holiday,De'Anthony Melton,Lonzo Ball,Kris Dunn
Karlo Matković,PF,Kenrich Williams,Georges Niang,Jonathan Isaac,Trey Lyles,Brandon Clarke,Nicolas Batum
Sion James,SG,Terance Mann,Sam Merrill,John Konchar,Pat Connaughton,Gary Harris,Alex Caruso
Justin Champagnie,SF,Naji Marshall,Haywood Highsmith,Derrick Jones Jr.,Sam Hauser,Dean Wade,Max Strus
Kyle Anderson,SF,Joe Ingles,Haywood Highsmith,Derrick Jones Jr.,Naji Marshall,Simone Fontecchio,Corey Kispert
John Konchar,SG,Pat Connaughton,Sam Merrill,Gary Harris,Terance Mann,Alex Caruso,Marcus Smart
Craig Porter Jr.,PG,Gabe Vincent,Jevon Carter,De'Anthony Melton,Aaron Holiday,Lonzo Ball,Nickeil Alexander-Walker
Svi Mykhailiuk,SG,Terance Mann,Sam Merrill,John Konchar,Pat Connaughton,Gary Harris,Alex Caruso
Luguentz Dort,SF,Haywood Highsmith,Naji Marshall,Derrick Jones Jr.,Sam Hauser,Dean Wade,Max Strus
Isaac Okoro,SG,Luke Kennard,Gary Harris,Marcus Smart,Terance Mann,Sam Merrill,John Konchar
Jordan Walsh,SF,Naji Marshall,Haywood Highsmith,Corey Kispert,Derrick Jones Jr.,Dean Wade,Sam Hauser
Kasparas Jakučionis,PG,Lonzo Ball,Aaron Holiday,Kris Dunn,Jevon Carter,De'Anthony Melton,Gabe Vincent
Quenton Jackson,PG,Gabe Vincent,Jevon Carter,Aaron Holiday,De'Anthony Melton,Lonzo Ball,Reggie Jackson
Jonas Valančiūnas,C,Clint Capela,Andre Drummond,Drew Eubanks,Jock Landale,Moritz Wagner,
Adem Bona,C,Drew Eubanks,Jock Landale,Moritz Wagner,Clint Capela,Andre Drummond,
Max Strus,SF,Haywood Highsmith,Naji Marshall,Derrick Jones Jr.,Simone Fontecchio,Sam Hauser,Joe Ingles
Terance Mann,SG,Sam Merrill,Pat Connaughton,Gary Harris,John Konchar,Marcus Smart,Alex Caruso
D'Angelo Russell,PG,Kris Dunn,Lonzo Ball,Aaron Holiday,Reggie Jackson,Jevon Carter,Gabe Vincent
Scotty Pippen Jr.,PG,Gabe Vincent,Jevon Carter,De'Anthony Melton,Aaron Holiday,Lonzo Ball,Reggie Jackson
Grant Williams,PF,Trey Lyles,Jonathan Isaac,Dario Saric,Georges Niang,Nicolas Batum,Kenrich Williams
Andre Drummond,C,Clint Capela,Drew Eubanks,Jock Landale,Moritz Wagner,,
Baylor Scheierman,SG,Terance Mann,Sam Merrill,Gary Harris,Pat Connaughton,John Konchar,Marcus Smart
Yves Missi,C,Moritz Wagner,Jock Landale,Drew Eubanks,Clint Capela,Andre Drummond,
Kentavious Caldwell-Pope,SG,Marcus Smart,Pat Connaughton,Sam Merrill,Gary Harris,Alex Caruso,Terance Mann
Cody Williams,SG,Marcus Smart,Luke Kennard,Gary Harris,Terance Mann,Sam Merrill,Pat Connaughton
Dariq Whitehead,SG,Gary Harris,Terance Mann,Marcus Smart,Sam Merrill,Luke Kennard,Pat Connaughton
Quinten Post,PF,Georges Niang,Kenrich Williams,Trey Lyles,Jonathan Isaac,Nicolas Batum,Dario Saric
Jose Alvarado,PG,Gabe Vincent,Aaron Holiday,Jevon Carter,Lonzo Ball,Kris Dunn,Reggie Jackson
Zach Collins,C,Jock Landale,Drew Eubanks,Clint Capela,Paul Reed,,
Corey Kispert,SF,Matisse Thybulle,Haywood Highsmith,Naji Marshall,Dean Wade,Derrick Jones Jr.,Sam Hauser
Taurean Prince,SF,Joe Ingles,Haywood Highsmith,Derrick Jones Jr.,Corey Kispert,Naji Marshall,Matisse Thybulle
Jordan Poole,PG,Aaron Holiday,Jevon Carter,Lonzo Ball,Gabe Vincent,Reggie Jackson,Kris Dunn
Spencer Jones,SF,Naji Marshall,Dean Wade,Haywood Highsmith,Derrick Jones Jr.,Sam Hauser,Matisse Thybulle
Jamir Watkins,SG,Terance Mann,Sam Merrill,Pat Connaughton,John Konchar,Gary Harris,Marcus Smart
Tre Johnson,SG,Marcus Smart,Luke Kennard,Gary Harris,Terance Mann,Sam Merrill,Pat Connaughton
Caris LeVert,SG,Marcus Smart,Pat Connaughton,Sam Merrill,Gary Harris,Terance Mann,John Konchar
Mouhamed Gueye,PF,Georges Niang,Kenrich Williams,Trey Lyles,Jonathan Isaac,Nicolas Batum,Dario Saric
Ryan Dunn,SF,Matisse Thybulle,Corey Kispert,Dean Wade,Naji Marshall,Haywood Highsmith,Derrick Jones Jr.
Klay Thompson,SG,Marcus Smart,Pat Connaughton,Sam Merrill,Gary Harris,Terance Mann,John Konchar
Devin Carter,PG,Lonzo Ball,Aaron Holiday,Kris Dunn,Jevon Carter,Gabe Vincent,Reggie Jackson
Cam Thomas,SG,Terance Mann,Pat Connaughton,Sam Merrill,Gary Harris,John Konchar,Marcus Smart
Simone Fontecchio,SF,Dean Wade,Haywood Highsmith,Naji Marshall,Derrick Jones Jr.,Sam Hauser,Matisse Thybulle
Anthony Gill,PF,Georges Niang,Nicolas Batum,Jeff Green,Dario Saric,Trey Lyles,Kenrich Williams
Pat Spencer,PG,Aaron Holiday,Gabe Vincent,Jevon Carter,Kris Dunn,Lonzo Ball,Reggie Jackson
Walter Clayton Jr.,PG,Aaron Holiday,Lonzo Ball,Kris Dunn,Gabe Vincent,Reggie Jackson,
Bryce McGowens,PG,Aaron Holiday,Gabe Vincent,Lonzo Ball,Reggie Jackson,Kris Dunn,
Ryan Nembhard,PG,Gabe Vincent,Aaron Holiday,Lonzo Ball,Reggie Jackson,Kris Dunn,
Tristan Vukcevic,PF,Georges Niang,Kenrich Williams,Trey Lyles,Jonathan Isaac,Nicolas Batum,Dario Saric
Vince Williams Jr.,PG,Aaron Holiday,Gabe Vincent,Lonzo Ball,Kris Dunn,,
Kris Murray,SF,Matisse Thybulle,Corey Kispert,Dean Wade,Naji Marshall,Haywood Highsmith,Derrick Jones Jr.
Ben Sheppard,SG,Terance Mann,Pat Connaughton,Sam Merrill,Gary Harris,John Konchar,Marcus Smart
Taylor Hendricks,SF,Matisse Thybulle,Corey Kispert,Dean Wade,Naji Marshall,Haywood Highsmith,Derrick Jones Jr.
Hugo González,SF,Matisse Thybulle,Corey Kispert,Dean Wade,Naji Marshall,Haywood Highsmith,Derrick Jones Jr.
Ousmane Dieng,PF,Trey Lyles,Jonathan Isaac,Dario Saric,Jeff Green,Georges Niang,Nicolas Batum
Thomas Bryant,C,Jock Landale,Paul Reed,Drew Eubanks,,,
Nolan Traore,PG,Aaron Holiday,Lonzo Ball,Kris Dunn,Gabe Vincent,,
Steven Adams,C,Jock Landale,Drew Eubanks,Paul Reed,,,
Jaden Ivey,PG,Lonzo Ball,Aaron Holiday,Kris Dunn,Gabe Vincent,,
Kenrich Williams,PF,Georges Niang,Dario Saric,Trey Lyles,Nicolas Batum,Jeff Green,Jonathan Isaac
DaQuan Jeffries,SG,John Konchar,Terance Mann,Pat Connaughton,Sam Merrill,Gary Harris,Marcus Smart
Tidjane Salaün,SF,Matisse Thybulle,Corey Kispert,Chris Duarte,Dean Wade,Naji Marshall,Haywood Highsmith
Will Riley,SG,Gary Harris,Terance Mann,Marcus Smart,Pat Connaughton,Sam Merrill,John Konchar
Leonard Miller,SF,Dean Wade,Matisse Thybulle,Naji Marshall,Haywood Highsmith,Corey Kispert,Derrick Jones Jr.
Josh Green,SG,Gary Harris,Terance Mann,Marcus Smart,Pat Connaughton,Sam Merrill,John Konchar
Kevin Love,C,Jock Landale,Drew Eubanks,Paul Reed,,,
Johnny Furphy,SG,Terance Mann,Pat Connaughton,Sam Merrill,John Konchar,Gary Harris,Marcus Smart
Dwight Powell,C,Jock Landale,Drew Eubanks,Paul Reed,,,
Trendon Watford,PF,Georges Niang,Trey Lyles,Jonathan Isaac,Nicolas Batum,Dario Saric,Jeff Green
Drew Eubanks,C,Jock Landale,Paul Reed,,,,
Buddy Hield,SG,Marcus Smart,Pat Connaughton,Sam Merrill,Gary Harris,Terance Mann,John Konchar
Jarred Vanderbilt,PF,Georges Niang,Trey Lyles,Jonathan Isaac,Nicolas Batum,Dario Saric,Jeff Green
Clint Capela,C,Jock Landale,Drew Eubanks,Paul Reed,,,
Cameron Payne,PG,Aaron Holiday,Lonzo Ball,,,,
Lonzo Ball,PG,Aaron Holiday,,,,,
Ben Saraf,PG,Aaron Holiday,Lonzo Ball,,,,
Josh Okogie,SG,Gary Harris,Terance Mann,Marcus Smart,Pat Connaughton,Sam Merrill,John Konchar
Matisse Thybulle,SF,Corey Kispert,Chris Duarte,Dean Wade,Haywood Highsmith,Naji Marshall,Joe Ingles
Sidy Cissoko,SG,Terance Mann,Pat Connaughton,Sam Merrill,John Konchar,Gary Harris,Marcus Smart
Nicolas Batum,PF,Jeff Green,Georges Niang,Trey Lyles,Jonathan Isaac,,
Mike Conley,PG,Aaron Holiday,Lonzo Ball,,,,
Yanic Konan Niederhäuser,PF,Georges Niang,Trey Lyles,Jonathan Isaac,Nicolas Batum,Jeff Green,
Julian Strawther,SG,Terance Mann,Pat Connaughton,Sam Merrill,Gary Harris,John Konchar,Marcus Smart
Cam Whitmore,SF,Matisse Thybulle,Corey Kispert,Chris Duarte,Dean Wade,Naji Marshall,Haywood Highsmith
Patrick Williams,SF,Matisse Thybulle,Chris Duarte,Corey Kispert,Dean Wade,Naji Marshall,Haywood Highsmith
Haywood Highsmith,SF,Dean Wade,Naji Marshall,Matisse Thybulle,Joe Ingles,Chris Duarte,Corey Kispert
DeAndre Jordan,C,Jock Landale,Paul Reed,Drew Eubanks,,,
Bogdan Bogdanović,SG,Marcus Smart,Pat Connaughton,Sam Merrill,Gary Harris,Terance Mann,John Konchar
Seth Curry,SG,Marcus Smart,Pat Connaughton,Sam Merrill,Gary Harris,Terance Mann,John Konchar
Nikola Jović,PF,Lamar Stevens,Marvin Bagley III,Georges Niang,Kyle Anderson,Larry Nance Jr.,Dario Saric
Dereck Lively II,C,Cody Zeller,Bismack Biyombo,Alex Len,Paul Reed,JaVale McGee,Mason Plumlee
Asa Newell,PF,Lamar Stevens,Marvin Bagley III,Georges Niang,Kyle Anderson,Larry Nance Jr.,Dario Saric
Jordan Clarkson,PG,Delon Wright,Alec Burks,Patty Mills,Cory Joseph,Cameron Payne,Monte Morris
Eric Gordon,SF,Joe Ingles,Jae Crowder,Doug McDermott,Reggie Bullock Jr.,Jae'Sean Tate,Yuta Watanabe
Jamaree Bouyea,PG,De'Anthony Melton,Monte Morris,Bruce Brown,Shake Milton,Jevon Carter,Aaron Holiday
Nae'Qwan Tomlin,PF,Lamar Stevens,Georges Niang,Marvin Bagley III,Kyle Anderson,Larry Nance Jr.,Dario Saric
Justin Edwards,SF,Eugene Omoruyi,Derrick Jones Jr.,Dean Wade,Yuta Watanabe,Jae'Sean Tate,Naji Marshall
Cole Anthony,PG,Markelle Fultz,Aaron Holiday,Delon Wright,De'Anthony Melton,Cameron Payne,Monte Morris
Nick Richards,C,Paul Reed,Jock Landale,Drew Eubanks,Daniel Theis,Cody Zeller,Boban Marjanovic
Tyler Kolek,PG,De'Anthony Melton,Monte Morris,Shake Milton,Bruce Brown,Jevon Carter,Aaron Holiday
Jevon Carter,PG,Monte Morris,Cory Joseph,Cameron Payne,Bruce Brown,De'Anthony Melton,Delon Wright
Moritz Wagner,C,Jock Landale,Cody Zeller,Paul Reed,Drew Eubanks,Daniel Theis,Alex Len
Caleb Martin,SF,Jae'Sean Tate,Yuta Watanabe,Eugene Omoruyi,Jae Crowder,Derrick Jones Jr.,Dean Wade
Kobe Brown,SF,Matisse Thybulle,Eugene Omoruyi,Derrick Jones Jr.,Dean Wade,Chris Duarte,Jae'Sean Tate
Joan Beringer,PF,Marvin Bagley III,Dario Saric,Lamar Stevens,Thaddeus Young,Georges Niang,Kyle Anderson
Jared McCain,PG,Markelle Fultz,Aaron Holiday,Monte Morris,Delon Wright,De'Anthony Melton,Cameron Payne
Guerschon Yabusele,PF,Georges Niang,Dario Saric,Kyle Anderson,Marvin Bagley III,Thaddeus Young,Lamar Stevens
DaRon Holmes II,PF,Marvin Bagley III,Dario Saric,Lamar Stevens,Thaddeus Young,Georges Niang,Jeff Green
Doug McDermott,SF,Justin Holiday,Jae Crowder,Reggie Bullock Jr.,Jae'Sean Tate,Yuta Watanabe,Chris Duarte
Gary Harris,SG,Javonte Green,Pat Connaughton,Marcus Smart,Seth Curry,Landry Shamet,Svi Mykhailiuk
Drew Timme,PF,Lamar Stevens,Georges Niang,Marvin Bagley III,Dario Saric,P.J. Tucker,Taj Gibson
Jaden Hardy,PG,Monte Morris,Shake Milton,De'Anthony Melton,Jevon Carter,Bruce Brown,Aaron Holiday
Marcus Sasser,PG,Aaron Holiday,Shake Milton,Monte Morris,De'Anthony Melton,Jevon Carter,Cory Joseph
Myron Gardner,SG,Lindy Waters III,Jordan Goodwin,Svi Mykhailiuk,Sam Merrill,Landry Shamet,Javonte Green
Nikola Topić,PG,Markelle Fultz,Cameron Payne,Alec Burks,Aaron Holiday,Shake Milton,Monte Morris
Jabari Walker,SF,Eugene Omoruyi,Derrick Jones Jr.,Dean Wade,Jae'Sean Tate,Yuta Watanabe,Matisse Thybulle
Ochai Agbaji,SG,Landry Shamet,Gary Harris,Svi Mykhailiuk,Marcus Smart,Sam Merrill,Lindy Waters III
Jalen Wilson,SF,Eugene Omoruyi,Derrick Jones Jr.,Dean Wade,Jae'Sean Tate,Yuta Watanabe,Matisse Thybulle
Malaki Branham,PG,Aaron Holiday,Shake Milton,Monte Morris,Delon Wright,De'Anthony Melton,Jevon Carter
Jalen Pickett,SG,Svi Mykhailiuk,Sam Merrill,Lindy Waters III,Landry Shamet,Jordan Goodwin,Pat Connaughton
Gradey Dick,SG,Landry Shamet,Gary Harris,Svi Mykhailiuk,Sam Merrill,Lindy Waters III,Jordan Goodwin
Liam McNeeley,SG,Landry Shamet,Svi Mykhailiuk,Sam Merrill,Lindy Waters III,Jordan Goodwin,Gary Harris
Trayce Jackson-Davis,C,Paul Reed,Jock Landale,Daniel Theis,Drew Eubanks,Boban Marjanovic,Alex Len
Gary Trent Jr.,SG,Svi Mykhailiuk,Sam Merrill,Landry Shamet,Lindy Waters III,Jordan Goodwin,Pat Connaughton
Kelly Olynyk,PF,Thaddeus Young,Jeff Green,James Johnson,Taj Gibson,P.J. Tucker,Georges Niang
Blake Wesley,PG,Shake Milton,Aaron Holiday,Jevon Carter,Monte Morris,De'Anthony Melton,Cory Joseph
Jamison Battle,SF,Eugene Omoruyi,Derrick Jones Jr.,Dean Wade,Jae'Sean Tate,Yuta Watanabe,Justin Holiday
Jonathan Isaac,PF,Marvin Bagley III,Dario Saric,Thaddeus Young,Jeff Green,Georges Niang,Lamar Stevens
Drake Powell,SG,Landry Shamet,Gary Harris,Sam Merrill,Svi Mykhailiuk,Lindy Waters III,Jordan Goodwin
Jeremy Sochan,PF,Marvin Bagley III,Dario Saric,Thaddeus Young,Jeff Green,Lamar Stevens,James Johnson
Zeke Nnaji,PF,Marvin Bagley III,Dario Saric,Lamar Stevens,James Johnson,Thaddeus Young,Georges Niang
Noah Penda,SF,Eugene Omoruyi,Derrick Jones Jr.,Dean Wade,Jae'Sean Tate,Yuta Watanabe,Chris Duarte
Carter Bryant,SF,Chris Duarte,Doug McDermott,Matisse Thybulle,Eugene Omoruyi,Derrick Jones Jr.,Dean Wade
Bradley Beal,SG,Pat Connaughton,Seth Curry,Javonte Green,Gary Harris,Landry Shamet,Sam Merrill
Keshad Johnson,SF,Eugene Omoruyi,Derrick Jones Jr.,Dean Wade,Jae'Sean Tate,Yuta Watanabe,Justin Holiday
Mohamed Diawara,PF,Lamar Stevens,Marvin Bagley III,Georges Niang,P.J. Tucker,Taj Gibson,James Johnson
Keaton Wallace,PG,Shake Milton,Pat Spencer,Jevon Carter,Monte Morris,De'Anthony Melton,Ish Smith
Tyrese Proctor,PG,Shake Milton,Jevon Carter,Monte Morris,De'Anthony Melton,Pat Spencer,Patty Mills
Amir Coffey,SG,Sam Merrill,Lindy Waters III,Svi Mykhailiuk,Landry Shamet,Jordan Goodwin,Seth Curry
Antonio Reeves,SG,Sam Merrill,Svi Mykhailiuk,Lindy Waters III,Landry Shamet,Jordan Goodwin,Pat Connaughton
A.J. Lawson,SG,Lindy Waters III,Jordan Goodwin,Sam Merrill,Svi Mykhailiuk,Seth Curry,Landry Shamet
Terrence Shannon Jr.,SG,Landry Shamet,Sam Merrill,Svi Mykhailiuk,Lindy Waters III,Gary Harris,Jordan Goodwin
Duop Reath,C,Jock Landale,Daniel Theis,Boban Marjanovic,Paul Reed,Alex Len,Cody Zeller
Jaylen Clark,SG,Sam Merrill,Svi Mykhailiuk,Lindy Waters III,Landry Shamet,Jordan Goodwin,Pat Connaughton
Khaman Maluach,C,Alex Len,Cody Zeller,Paul Reed,JaVale McGee,Jock Landale,Daniel Theis
Ariel Hukporti,C,Paul Reed,Jock Landale,Daniel Theis,Boban Marjanovic,Alex Len,Cody Zeller
Tyler Smith,PF,Lamar Stevens,Marvin Bagley III,P.J. Tucker,Taj Gibson,James Johnson,Thaddeus Young
Taj Gibson,PF,P.J. Tucker,James Johnson,Jeff Green,Thaddeus Young,Marvin Bagley III,Lamar Stevens
Pat Connaughton,SG,Seth Curry,Gary Harris,Javonte Green,Garrett Temple,Landry Shamet,Sam Merrill
Larry Nance Jr.,PF,Thaddeus Young,James Johnson,Jeff Green,Taj Gibson,P.J. Tucker,Marvin Bagley III
Rob Dillingham,PG,Shake Milton,Jevon Carter,Cory Joseph,Monte Morris,De'Anthony Melton,Pat Spencer
Maxi Kleber,C,Boban Marjanovic,JaVale McGee,Alex Len,Daniel Theis,Cody Zeller,Jock Landale
Jett Howard,SF,Chris Duarte,Doug McDermott,Eugene Omoruyi,Derrick Jones Jr.,Jae'Sean Tate,Justin Holiday
Jordan McLaughlin,PG,Jevon Carter,Pat Spencer,Monte Morris,Shake Milton,Cory Joseph,Patty Mills
Jase Richardson,PG,Shake Milton,Jevon Carter,Cory Joseph,Monte Morris,Pat Spencer,Patty Mills
Jae'Sean Tate,SF,Justin Holiday,Doug McDermott,Eugene Omoruyi,Chris Duarte,Derrick Jones Jr.,
James Wiseman,C,Alex Len,Cody Zeller,Paul Reed,JaVale McGee,Jock Landale,Daniel Theis
Tre Mann,PG,Shake Milton,Jevon Carter,Cory Joseph,Monte Morris,Pat Spencer,Patty Mills
Mason Plumlee,C,Boban Marjanovic,JaVale McGee,Alex Len,Daniel Theis,Cody Zeller,Jock Landale
Kam Jones,PG,Shake Milton,Jevon Carter,Monte Morris,Pat Spencer,Patty Mills,Cory Joseph
Rasheer Fleming,PF,Lamar Stevens,Marvin Bagley III,P.J. Tucker,Taj Gibson,James Johnson,Thaddeus Young
Kevon Looney,C,Alex Len,Daniel Theis,Jock Landale,Cody Zeller,Boban Marjanovic,Paul Reed
Joe Ingles,SF,Justin Holiday,Doug McDermott,Jae'Sean Tate,Chris Duarte,Eugene Omoruyi,Derrick Jones Jr.
Bronny James,PG,Shake Milton,Jevon Carter,Pat Spencer,Monte Morris,Patty Mills,Cory Joseph
Tyus Jones,PG,Jevon Carter,Cory Joseph,Monte Morris,Shake Milton,Pat Spencer,Patty Mills
Jonathan Mogbo,PF,Lamar Stevens,Marvin Bagley III,P.J. Tucker,Taj Gibson,James Johnson,Thaddeus Young
Chris Paul,PG,Patty Mills,Ish Smith,Cory Joseph,Jevon Carter,Pat Spencer,Monte Morris
Xavier Tillman,C,Paul Reed,Jock Landale,Daniel Theis,Boban Marjanovic,Alex Len,JaVale McGee
Micah Peavy,SG,Sam Merrill,Svi Mykhailiuk,Lindy Waters III,Landry Shamet,Jordan Goodwin,Gary Harris
Julian Phillips,SF,Eugene Omoruyi,Jae'Sean Tate,Chris Duarte,Justin Holiday,Doug McDermott,
Adou Thiero,SF,Eugene Omoruyi,Jae'Sean Tate,Chris Duarte,Justin Holiday,Doug McDermott,
Amari Williams,PF,Lamar Stevens,Marvin Bagley III,P.J. Tucker,James Johnson,Taj Gibson,Thaddeus Young
Pacôme Dadiet,SG,Landry Shamet,Sam Merrill,Svi Mykhailiuk,Gary Harris,Lindy Waters III,Pat Connaughton
Thanasis Antetokounmpo,SF,Justin Holiday,Doug McDermott,Jae'Sean Tate,Chris Duarte,Eugene Omoruyi,
Caleb Houstan,SG,Sam Merrill,Svi Mykhailiuk,Lindy Waters III,Landry Shamet,Gary Harris,Pat Connaughton
Kyle Lowry,PG,Patty Mills,Ish Smith,Cory Joseph,Jevon Carter,Pat Spencer,Monte Morris
Nigel Hayes-Davis,SF,Doug McDermott,Justin Holiday,Jae'Sean Tate,Chris Duarte,Eugene Omoruyi,
Lindy Waters III,SG,Sam Merrill,Svi Mykhailiuk,Landry Shamet,Seth Curry,Gary Harris,Pat Connaughton
Dillon Jones,SF,Chris Duarte,Eugene Omoruyi,Jae'Sean Tate,Justin Holiday,Doug McDermott,
Gabe Vincent,PG,Pat Spencer,Jevon Carter,Shake Milton,Monte Morris,Ish Smith,Cory Joseph
Dalton Knecht,SG,Gary Harris,Landry Shamet,Sam Merrill,Svi Mykhailiuk,Lindy Waters III,Pat Connaughton
JD Davison,PG,Shake Milton,Jevon Carter,Pat Spencer,Monte Morris,Cory Joseph,Patty Mills
Colin Castleton,C,Paul Reed,Jock Landale,Daniel Theis,Boban Marjanovic,Alex Len,JaVale McGee
Cam Christie,SG,Sam Merrill,Svi Mykhailiuk,Lindy Waters III,Landry Shamet,Gary Harris,Pat Connaughton
Dario Saric,PF,James Johnson,Taj Gibson,Marvin Bagley III,P.J. Tucker,,
Garrett Temple,SG,Seth Curry,Pat Connaughton,Gary Harris,Landry Shamet,Sam Merrill,Svi Mykhailiuk
Isaac Jones,PF,Marvin Bagley III,P.J. Tucker,James Johnson,Taj Gibson,,
N'Faly Dante,C,Paul Reed,Jock Landale,Daniel Theis,Boban Marjanovic,Alex Len,JaVale McGee
Bismack Biyombo,C,Boban Marjanovic,Alex Len,Daniel Theis,JaVale McGee,Jock Landale,Paul Reed
Dorian Finney-Smith,SF,Justin Holiday,Doug McDermott,Jae'Sean Tate,Chris Duarte,,
Noa Essengue,SF,Chris Duarte,Doug McDermott,Jae'Sean Tate,Justin Holiday,,
Brandon Clarke,PF,Marvin Bagley III,James Johnson,Taj Gibson,P.J. Tucker,,
Jordan Hawkins,PG,Shake Milton,Cory Joseph,Pat Spencer,Jevon Carter,Patty Mills,Ish Smith
AJ Johnson,SG,Sam Merrill,Svi Mykhailiuk,Gary Harris,Seth Curry,Garrett Temple,
Jeff Green,PF,Taj Gibson,P.J. Tucker,James Johnson,Marvin Bagley III,,
Chaz Lanier,SG,Sam Merrill,Svi Mykhailiuk,Gary Harris,Seth Curry,Garrett Temple,
Andre Jackson Jr.,SG,Sam Merrill,Svi Mykhailiuk,Gary Harris,Seth Curry,Garrett Temple,
Kobe Bufkin,SF,Chris Duarte,Doug McDermott,Justin Holiday,,,
Colby Jones,SG,Sam Merrill,Svi Mykhailiuk,Gary Harris,Seth Curry,Garrett Temple,
Hunter Tyson,PF,Marvin Bagley III,P.J. Tucker,James Johnson,Taj Gibson,,
Chris Boucher,PF,James Johnson,Taj Gibson,P.J. Tucker,Marvin Bagley III,,
Yang Hansen,C,Alex Len,Boban Marjanovic,,,,
Bobi Klintman,SF,Justin Holiday,Chris Duarte,,,,
Cody Martin,SG,Gary Harris,Garrett Temple,,,,
Johni Broome,C,,,,,,
